id,name,age,num_dep,edu
61,Julia Ramsey,24,1,3
139,Katelyn Rowe,28,1,2
161,Kristy Hernandez,44,1,2
183,Jordan Mcdaniel,25,0,2
189,Garrett Franklin,26,2,2
217,Jack Moss,44,0,3
223,Carla Chandler,28,1,4
276,Chase Washington,27,0,2
284,Brent Thompson,39,2,2
302,Latoya Willis,31,2,3
352,Russell Gregory,22,0,5
392,Barbara Foster,25,2,1
396,Keith Parker,34,2,2
434,Kenneth Gutierrez,41,2,2
470,Ross Rodriguez,18,1,2
508,Lisa Russell,21,2,6
539,Thomas Joseph,25,0,1
569,Brent Jimenez,38,0,6
583,Kristin Mckinney,37,3,6
609,Ian Payne,20,0,2
659,Anthony Hamilton,39,2,4
705,Miguel Jackson,22,2,5
715,Latasha Bowen,37,2,2
737,Derek Rodriguez,19,0,5
768,Deborah Rodriquez,33,1,1
780,Brandi Miller,37,1,2
824,Keith Guzman,36,2,4
840,Manuel Ramirez,33,2,1
848,Tracy Henderson,37,3,1
878,Charles Blair,31,2,4
934,Brendan Burke,22,2,5
958,Taylor Webb,40,1,2
1008,Nina Davis,42,3,3
1045,Garrett Sims,41,3,2
1051,Carl Reeves,40,2,6
1061,Ronald Ryan,28,0,2
1087,Joanna Carlson,27,1,1
1131,Kristi Bailey,22,1,2
1181,Austin Hale,22,0,1
1197,Spencer Perkins,31,3,1
1201,Mario Taylor,31,2,3
1229,Adam Gordon,22,1,3
1233,Tonya Perez,34,3,2
1273,Erin Webster,20,1,2
1364,Jack Moss,32,3,3
1380,Audrey Hale,44,1,5
1420,Danny Coleman,20,1,2
1438,Hannah Chapman,26,1,2
1448,Megan Hansen,42,0,6
1496,Louis Harper,40,3,5
1504,Laura Martin,32,0,2
1514,Keith Cunningham,31,2,4
1537,Brandy Page,29,1,3
1593,Jennifer Allen,24,0,3
1601,Benjamin Baldwin,41,2,2
1625,Austin Vega,38,0,1
1629,Lindsay Henry,33,3,1
1645,Dustin Robertson,35,0,1
1719,Keith Becker,35,1,3
1735,Felicia Walsh,35,0,2
1787,Danielle Cole,44,0,3
1810,Whitney Hopkins,24,2,2
1846,Meredith Alexander,20,2,6
1874,Travis Neal,27,1,1
1878,Manuel Riley,38,1,3
1906,Hannah Garner,21,1,3
1954,Kristin Benson,19,2,2
1990,Mario Fuller,20,2,4
2061,Theresa Miller,24,2,2
2075,Andrew Nguyen,38,3,3
2085,Aaron Oliver,44,0,1
2143,Shannon Garner,33,2,3
2155,Andrew Goodwin,36,0,2
2193,Keith Mills,18,2,1
2225,Gregory Wilson,42,1,3
2257,Erik Henderson,18,0,3
2267,Adam Holmes,21,2,1
2287,Roberto Vasquez,22,2,1
2374,Amanda Griffin,38,2,5
2458,Joseph Morgan,23,0,5
2468,Craig Conner,21,0,3
2494,Adam Brewer,21,2,2
2504,Gerald Nichols,25,1,4
2544,Nicole Webb,35,2,1
2625,Leah Ramsey,27,1,5
2683,Lacey Johnson,23,0,1
2693,Valerie Fuller,27,1,2
2703,Monica West,26,0,5
2735,Adam Meyer,24,2,4
2805,Jamie Elliott,38,1,1
2818,Brenda Hernandez,37,2,2
2830,Beth Perez,30,1,4
2860,Ann Perez,42,2,3
2878,Caleb Montgomery,32,0,3
2882,Henry King,36,1,6
2896,Arthur Simpson,36,0,1
2908,Lisa Flowers,42,2,3
2954,Misty Torres,42,1,5
2982,Carla Taylor,42,2,4
2998,Anna Leonard,28,1,3
3056,Tara Carlson,22,0,3
3068,Kevin Dawson,44,3,5
3103,Victoria Jordan,32,2,2
3127,Jonathon Hubbard,41,2,2
3137,Steven Craig,44,1,6
3161,Kelly Campbell,24,0,2
3175,Martin Hudson,25,2,1
3203,Micheal Benson,43,0,5
3247,Stacey Kelley,34,0,3
3255,William Ray,43,0,2
3261,Francisco Mills,20,0,1
3325,Katie Burns,36,1,3
3384,Nichole Edwards,38,2,2
3424,Joel Garrett,25,2,5
3440,Morgan Henry,27,1,1
3472,Brandon Hart,30,0,2
3476,Seth Garza,37,2,2
3516,Cindy Love,26,2,2
3528,Jeffery Norman,32,3,2
3554,Edward Romero,19,2,4
3578,Gary Reid,28,0,3
3629,Robert Walton,27,0,1
3645,Ann Stanley,27,2,5
3677,Kristy White,40,3,2
3689,Julian Wilson,33,1,5
3735,Brett Turner,39,1,2
3827,Chad Walker,29,1,1
3840,Shannon Norris,44,0,5
3850,Frederick Simmons,31,0,2
3864,Jaclyn Hicks,18,1,6
3906,Nancy Ray,36,0,3
3950,Marcus Parks,27,2,2
4032,Robin Carr,22,2,1
4139,Luis Byrd,19,2,1
4185,Marcus Brooks,43,0,5
4213,Margaret Murray,24,2,1
4249,Colleen Goodwin,30,1,2
4269,Alejandro Cox,32,0,3
4295,Tamara Davidson,33,2,2
4307,Sean Maldonado,38,0,1
4323,Todd Payne,43,3,2
4384,Jillian Patterson,19,0,3
4396,Darrell Barnett,40,1,1
4416,Tyler Castillo,39,1,1
4442,Maria Potter,21,1,6
4496,Jamie Steele,26,1,5
4580,Laura May,19,2,1
4633,Latasha George,36,3,2
4691,Luke Ortiz,34,0,2
4757,Meagan Guzman,27,1,4
4835,Natasha Sutton,25,2,4
4855,Katelyn Leonard,37,2,3
4886,Lindsay Freeman,28,2,2
7,Kari Ball,38,2,2
91,Roger Tate,25,0,3
153,Richard Mills,33,1,5
173,Gregory Jordan,21,0,1
185,Rachel Mckinney,29,0,6
207,Claudia Burns,41,1,1
219,Troy Adams,23,1,2
272,Kelli Fowler,31,2,2
278,Maria Bradley,27,1,5
292,Steven Diaz,18,2,2
306,Monica Hines,38,0,2
356,Deborah Knight,29,0,5
394,Julia Carter,18,0,2
424,Ryan Evans,39,0,1
450,Jordan Johnson,30,0,5
484,Luis Riley,44,1,3
523,Adrian Ramirez,40,2,2
555,Regina Obrien,24,2,2
571,Meagan Ingram,42,1,2
591,Brandy Townsend,37,1,1
649,Brendan Thomas,36,2,1
683,Joseph Stephens,40,2,1
707,Caroline Nguyen,26,2,2
725,Raymond Anderson,20,2,4
763,Billy Ingram,39,0,2
778,Kathryn Carroll,42,1,3
818,Vincent Day,34,0,5
834,Reginald Nguyen,42,3,2
844,Luke Lee,44,0,1
860,Caroline Bradley,39,2,3
884,Lee Edwards,27,0,6
938,Zachary Nelson,44,1,2
970,Kristen Salazar,25,2,2
1018,Ricky Guzman,34,0,5
1047,Adam Campbell,40,2,2
1055,Kathleen Little,43,2,5
1075,Laura Hansen,21,0,1
1089,Bethany Wade,18,1,2
1173,Vanessa Vega,31,3,3
1183,Randall Pena,37,2,3
1199,Alicia Hanson,28,0,3
1227,Cameron Miles,33,0,3
1231,Michele Lawrence,20,1,1
1249,Donald Richards,42,1,3
1318,Regina Boyd,42,1,1
1372,Christina Phillips,20,0,2
1416,Jacqueline Hammond,21,2,3
